group,name,num_samples,accuracy
overall,overall,1061,0.21866163996229973
answer_type,closed,416,0.43990384615384615
answer_type,open,645,0.07596899224806201
q_type,Abnormality,150,0.32666666666666666
q_type,Color,34,0.23529411764705882
q_type,KG,148,0.22972972972972974
q_type,Modality,108,0.2777777777777778
q_type,Organ,253,0.3201581027667984
q_type,Plane,58,0.29310344827586204
q_type,Position,186,0.03763440860215054
q_type,Quantity,52,0.11538461538461539
q_type,Shape,7,0.0
q_type,Size,65,0.0
