condition,closed,open
original,0.6682692307692307,0.2930232558139535
black,0.43990384615384615,0.07596899224806201
lpf,0.6730769230769231,0.27906976744186046
hpf,0.625,0.24496124031007752
patch_shuffle,0.4831730769230769,0.06046511627906977
