condition,accuracy
original,0.44015080113100846
black,0.21866163996229973
lpf,0.43355325164938735
hpf,0.3939679547596607
patch_shuffle,0.22620169651272384
