condition,num_samples,accuracy
original,1061,0.44015080113100846
black,1061,0.21866163996229973
lpf,1061,0.43355325164938735
hpf,1061,0.3939679547596607
patch_shuffle,1061,0.22620169651272384
